industry,n_docs_sample,share_deployed,share_deployed_lo,share_deployed_hi,share_pilot_or_plan,share_pilot_or_plan_lo,share_pilot_or_plan_hi,share_setback,share_setback_lo,share_setback_hi,share_product_launch,share_product_launch_lo,share_product_launch_hi,share_none,share_none_lo,share_none_hi
software_it,5277,0.10157286336933864,0.09355847630823094,0.1100979998294814,0.09740382793253742,0.08929549177724788,0.10567984958839058,0.05893500094750805,0.05265042413357456,0.06578612242737318,0.5072958120144021,0.4946604625569899,0.5206848488602984,0.23479249573621375,0.22386857270896465,0.2464306816216468
semiconductors_hardware,893,0.07838745800671892,0.06175008957125227,0.09677698403839714,0.07726763717805152,0.06023161381668581,0.09452891104722996,0.023516237402015677,0.014150110987791344,0.03363254710601063,0.5139977603583427,0.47950583725777524,0.5461670121775922,0.3068309070548712,0.27652724046075794,0.3348399134187311
telecom,166,0.2469879518072289,0.17835678874140415,0.31076021934197406,0.28313253012048195,0.21428571428571427,0.35186058700209644,0.030120481927710843,0.006492459153749477,0.058831435800126494,0.28313253012048195,0.21604383160138554,0.351523569023569,0.1566265060240964,0.10322091886608016,0.21637892501955525
finance_insurance,678,0.2536873156342183,0.22483469663610267,0.2882665161732769,0.12094395280235988,0.09640021316280309,0.1473833182057039,0.030973451327433628,0.018720356008484946,0.044162056247118484,0.2728613569321534,0.2405011335726431,0.3101921805499182,0.3215339233038348,0.28799107950288094,0.3548884614446666
healthcare_life_sciences,996,0.24899598393574296,0.2218721664507772,0.2751261727837476,0.19578313253012047,0.17202991153673092,0.22022360799534713,0.020080321285140562,0.01209525754683405,0.029228179418570196,0.2740963855421687,0.2461616632203094,0.3022147893420259,0.26104417670682734,0.23564684653775164,0.2875882946518668
education,694,0.18011527377521613,0.15316650487578873,0.21105766895993525,0.24639769452449567,0.2163219241184846,0.27803189431208886,0.07348703170028818,0.055041032787519845,0.09302644154189232,0.23919308357348704,0.2093958930276982,0.2708135115106022,0.260806916426513,0.22789646933096747,0.29690341318910396
media_entertainment,1680,0.1988095238095238,0.18025765408051145,0.2167755941607469,0.07380952380952381,0.061606449848882194,0.08748037419146042,0.10416666666666667,0.08932917992370608,0.11818044383688318,0.3357142857142857,0.31332170111091595,0.35595850524325257,0.2875,0.2662712287712288,0.30805675317449577
retail_consumer,518,0.2953667953667954,0.25882012264365206,0.3352087792045657,0.09073359073359073,0.06481349206349206,0.11680658381808567,0.03088803088803089,0.016733792047599578,0.046791059569828514,0.4613899613899614,0.4178763119737688,0.5019277711016127,0.12162162162162163,0.09259166107757656,0.15099801718440184
manufacturing_industrial,183,0.13114754098360656,0.08668810988874386,0.1813186813186813,0.13114754098360656,0.08289907923830897,0.18292682926829268,0.00546448087431694,0.0,0.01744186046511628,0.45901639344262296,0.3846052631578948,0.5294361390965225,0.273224043715847,0.21427539223781997,0.3406655844155844
transportation_automotive,325,0.27692307692307694,0.23053254689359454,0.32424525092457446,0.2,0.158498532228328,0.24414980009995002,0.027692307692307693,0.011694206446348429,0.047619047619047616,0.24307692307692308,0.19660428081314968,0.29317436889250814,0.2523076923076923,0.20474090120495633,0.2990936555891239
energy_utilities,201,0.21393034825870647,0.15705197578168417,0.2702737175951462,0.27860696517412936,0.21690994655818777,0.34536554757920873,0.004975124378109453,0.0,0.015544041450777202,0.11940298507462686,0.07614075259324653,0.16666666666666666,0.38308457711442784,0.3212387510226343,0.44500065445026177
legal_professional,293,0.22184300341296928,0.17604682146935666,0.2686743052414694,0.13310580204778158,0.09584321850715423,0.17285185185185184,0.12627986348122866,0.08823529411764706,0.16353232291988862,0.20819112627986347,0.16437981201879812,0.257959331360098,0.310580204778157,0.26334051320471996,0.3655256518082422
government_defense,852,0.23708920187793428,0.20553528589222653,0.26700008478622717,0.4225352112676056,0.391116909643653,0.45259326195682953,0.06338028169014084,0.0480171667329139,0.08073992520359302,0.07276995305164319,0.056816809398331135,0.09151208952752503,0.20422535211267606,0.17735957264395397,0.2304147465437788
none,2058,0.008746355685131196,0.004865943711602614,0.012725159612530016,0.01020408163265306,0.006294114431783557,0.014707107259848251,0.009718172983479106,0.005975946958434917,0.013844852103481825,0.05442176870748299,0.0454507915397486,0.06385264632168657,0.9169096209912536,0.9042089985486212,0.9284350568137012
