factor,description,share_enabler,share_enabler_lo,share_enabler_hi,share_barrier,share_barrier_lo,share_barrier_hi,n_adoption_docs_citing_barrier,setback_rate_when_barrier,setback_rate_when_barrier_lo,setback_rate_when_barrier_hi,setback_rate_otherwise,setback_rate_when_enabler,setback_rate_when_enabler_lo,setback_rate_when_enabler_hi,setback_rate_all_adoption
trust_safety,"accuracy, hallucination, bias, security or public trust",0.06792880474635024,0.0638109658938122,0.07183564196393265,0.20791947203519764,0.20123585262134508,0.214119964481899,1093,0.5288197621225984,0.4977810643830062,0.5577657896233643,0.09150684931506849,0.02127659574468085,0.0044838044522741835,0.04202272458279086,0.2553118574366004
regulation_policy,"laws, regulation, lawsuits or government policy",0.06372908472768482,0.059866171537236945,0.06740305718473472,0.11945870275314979,0.11407443121575983,0.12481270553357972,547,0.6691042047531993,0.632671704745167,0.7083539048473968,0.15984816533108392,0.11214953271028037,0.05713704994192799,0.1747743144268438,0.2553118574366004
talent_skills,"workforce skills, hiring or training",0.07999466702219853,0.07563938394885367,0.08411425231443143,0.039864009066062266,0.036440399353441434,0.04298316921338398,177,0.1638418079096045,0.11537356321839082,0.2272947925860547,0.26121853338197737,0.014035087719298246,0.003366720900277947,0.02867383512544803,0.2553118574366004
cost_roi,"cost, pricing or evidence of return on investment",0.05592960469302047,0.05261969327051094,0.05979048941073305,0.0377974801679888,0.034736878094317324,0.04086172041362889,159,0.23270440251572327,0.17072267389340562,0.304903156384505,0.25661471547662196,0.008064516129032258,0.0,0.01984126984126984,0.2553118574366004
data,"data availability, quality or privacy",0.07166188920738617,0.06792509152559223,0.07555486917814104,0.0375974935004333,0.03471902827899845,0.04063232495903847,160,0.45625,0.3821114649681529,0.5345243041130037,0.2436548223350254,0.003355704697986577,0.0,0.010715245775729645,0.2553118574366004
compute_infrastructure,"compute, chips, energy or infrastructure capacity",0.06412905806279581,0.060292836950132524,0.06817905378243343,0.02766482234517699,0.02505233254222353,0.030074671294285527,94,0.26595744680851063,0.18092295345104334,0.36046511627906974,0.254957507082153,0.02247191011235955,0.004975124378109453,0.045168621700879756,0.2553118574366004
leadership_strategy,"executive commitment, strategy or organizational readiness",0.10412639157389507,0.0991664434105136,0.10908562093493998,0.020465302313179123,0.018151324227952906,0.022735350296137026,87,0.6091954022988506,0.5058789722785666,0.7100210843373493,0.24443659484281172,0.024096385542168676,0.011596946062321142,0.037829551388959076,0.2553118574366004
integration,integration with existing systems and processes,0.053663089127391504,0.05038192612659225,0.05726806735720376,0.019132057862809144,0.017040858999097835,0.021362038307935417,96,0.16666666666666666,0.0961472602739726,0.24214506855373724,0.2583274273564848,0.0,0.0,0.0,0.2553118574366004
partnerships,"vendors, partnerships or ecosystem support",0.18105459636024265,0.17468466079723138,0.18709560323600402,0.003333111125924938,0.00245854540000244,0.004260101167546867,11,,,,,0.012658227848101266,0.004745903960415715,0.021639039155074702,0.2553118574366004
