industry,factor,n_docs_sample,share_enabler,share_barrier
software_it,data,5277,0.06291453477354557,0.041311351146484744
software_it,cost_roi,5277,0.06670456698881941,0.06045101383361758
software_it,regulation_policy,5277,0.04169035436801213,0.11275345840439643
software_it,talent_skills,5277,0.07864316846693196,0.043395868864885355
software_it,integration,5277,0.07466363464089444,0.022361190070115597
software_it,trust_safety,5277,0.08205419746067842,0.1938601478112564
software_it,compute_infrastructure,5277,0.09247678605268145,0.04604889141557703
software_it,partnerships,5277,0.19063862042827365,0.0062535531552018195
software_it,leadership_strategy,5277,0.11521697934432443,0.03733181732044722
semiconductors_hardware,data,893,0.012318029115341545,0.004479283314669653
semiconductors_hardware,cost_roi,893,0.05823068309070549,0.06159014557670773
semiconductors_hardware,regulation_policy,893,0.04143337066069429,0.14109742441209405
semiconductors_hardware,talent_skills,893,0.02463605823068309,0.006718924972004479
semiconductors_hardware,integration,893,0.040313549832026875,0.019036954087346025
semiconductors_hardware,trust_safety,893,0.0167973124300112,0.030235162374020158
semiconductors_hardware,compute_infrastructure,893,0.24524076147816348,0.060470324748040316
semiconductors_hardware,partnerships,893,0.2765957446808511,0.011198208286674132
semiconductors_hardware,leadership_strategy,893,0.055991041433370664,0.005599104143337066
telecom,data,166,0.1144578313253012,0.018072289156626505
telecom,cost_roi,166,0.10240963855421686,0.03614457831325301
telecom,regulation_policy,166,0.018072289156626505,0.0783132530120482
telecom,talent_skills,166,0.04819277108433735,0.024096385542168676
telecom,integration,166,0.060240963855421686,0.06626506024096386
telecom,trust_safety,166,0.0783132530120482,0.10843373493975904
telecom,compute_infrastructure,166,0.16265060240963855,0.024096385542168676
telecom,partnerships,166,0.5060240963855421,0.0
telecom,leadership_strategy,166,0.22289156626506024,0.006024096385542169
finance_insurance,data,678,0.10471976401179942,0.05309734513274336
finance_insurance,cost_roi,678,0.06342182890855458,0.03687315634218289
finance_insurance,regulation_policy,678,0.07669616519174041,0.09734513274336283
finance_insurance,talent_skills,678,0.09292035398230089,0.048672566371681415
finance_insurance,integration,678,0.07374631268436578,0.030973451327433628
finance_insurance,trust_safety,678,0.11651917404129794,0.20501474926253688
finance_insurance,compute_infrastructure,678,0.022123893805309734,0.011799410029498525
finance_insurance,partnerships,678,0.168141592920354,0.004424778761061947
finance_insurance,leadership_strategy,678,0.14749262536873156,0.011799410029498525
healthcare_life_sciences,data,996,0.20281124497991967,0.07429718875502007
healthcare_life_sciences,cost_roi,996,0.09036144578313253,0.018072289156626505
healthcare_life_sciences,regulation_policy,996,0.07730923694779117,0.0642570281124498
healthcare_life_sciences,talent_skills,996,0.0853413654618474,0.04718875502008032
healthcare_life_sciences,integration,996,0.0893574297188755,0.024096385542168676
healthcare_life_sciences,trust_safety,996,0.11847389558232932,0.18775100401606426
healthcare_life_sciences,compute_infrastructure,996,0.028112449799196786,0.0050200803212851405
healthcare_life_sciences,partnerships,996,0.2680722891566265,0.0
healthcare_life_sciences,leadership_strategy,996,0.0853413654618474,0.0030120481927710845
education,data,694,0.04178674351585014,0.025936599423631124
education,cost_roi,694,0.03890489913544669,0.007204610951008645
education,regulation_policy,694,0.043227665706051875,0.07780979827089338
education,talent_skills,694,0.34870317002881845,0.08069164265129683
education,integration,694,0.021613832853025938,0.005763688760806916
education,trust_safety,694,0.06484149855907781,0.3357348703170029
education,compute_infrastructure,694,0.01585014409221902,0.010086455331412104
education,partnerships,694,0.20028818443804033,0.0
education,leadership_strategy,694,0.18155619596541786,0.02881844380403458
media_entertainment,data,1680,0.04345238095238095,0.02738095238095238
media_entertainment,cost_roi,1680,0.047619047619047616,0.022023809523809525
media_entertainment,regulation_policy,1680,0.04107142857142857,0.22797619047619047
media_entertainment,talent_skills,1680,0.05,0.036904761904761905
media_entertainment,integration,1680,0.017857142857142856,0.009523809523809525
media_entertainment,trust_safety,1680,0.05119047619047619,0.3738095238095238
media_entertainment,compute_infrastructure,1680,0.007738095238095238,0.002976190476190476
media_entertainment,partnerships,1680,0.11488095238095238,0.0011904761904761906
media_entertainment,leadership_strategy,1680,0.039285714285714285,0.010714285714285714
retail_consumer,data,518,0.11196911196911197,0.019305019305019305
retail_consumer,cost_roi,518,0.0694980694980695,0.025096525096525095
retail_consumer,regulation_policy,518,0.019305019305019305,0.04054054054054054
retail_consumer,talent_skills,518,0.04247104247104247,0.019305019305019305
retail_consumer,integration,518,0.07335907335907337,0.03088803088803089
retail_consumer,trust_safety,518,0.055984555984555984,0.14671814671814673
retail_consumer,compute_infrastructure,518,0.007722007722007722,0.005791505791505791
retail_consumer,partnerships,518,0.1891891891891892,0.0
retail_consumer,leadership_strategy,518,0.07722007722007722,0.011583011583011582
manufacturing_industrial,data,183,0.1092896174863388,0.03278688524590164
manufacturing_industrial,cost_roi,183,0.09289617486338798,0.03278688524590164
manufacturing_industrial,regulation_policy,183,0.04918032786885246,0.00546448087431694
manufacturing_industrial,talent_skills,183,0.1092896174863388,0.08743169398907104
manufacturing_industrial,integration,183,0.17486338797814208,0.0273224043715847
manufacturing_industrial,trust_safety,183,0.03278688524590164,0.07650273224043716
manufacturing_industrial,compute_infrastructure,183,0.12021857923497267,0.0
manufacturing_industrial,partnerships,183,0.2568306010928962,0.0
manufacturing_industrial,leadership_strategy,183,0.14754098360655737,0.0
transportation_automotive,data,325,0.12307692307692308,0.018461538461538463
transportation_automotive,cost_roi,325,0.09538461538461539,0.036923076923076927
transportation_automotive,regulation_policy,325,0.055384615384615386,0.04923076923076923
transportation_automotive,talent_skills,325,0.06153846153846154,0.024615384615384615
transportation_automotive,integration,325,0.12,0.046153846153846156
transportation_automotive,trust_safety,325,0.09538461538461539,0.13230769230769232
transportation_automotive,compute_infrastructure,325,0.021538461538461538,0.012307692307692308
transportation_automotive,partnerships,325,0.28307692307692306,0.0
transportation_automotive,leadership_strategy,325,0.13538461538461538,0.024615384615384615
energy_utilities,data,201,0.12437810945273632,0.03482587064676617
energy_utilities,cost_roi,201,0.07960199004975124,0.11442786069651742
energy_utilities,regulation_policy,201,0.10945273631840796,0.12437810945273632
energy_utilities,talent_skills,201,0.06965174129353234,0.014925373134328358
energy_utilities,integration,201,0.03980099502487562,0.024875621890547265
energy_utilities,trust_safety,201,0.029850746268656716,0.03482587064676617
energy_utilities,compute_infrastructure,201,0.16417910447761194,0.25870646766169153
energy_utilities,partnerships,201,0.3034825870646766,0.0
energy_utilities,leadership_strategy,201,0.14427860696517414,0.0
legal_professional,data,293,0.07167235494880546,0.05802047781569966
legal_professional,cost_roi,293,0.10238907849829351,0.020477815699658702
legal_professional,regulation_policy,293,0.06143344709897611,0.21843003412969283
legal_professional,talent_skills,293,0.16040955631399317,0.08532423208191127
legal_professional,integration,293,0.06143344709897611,0.020477815699658702
legal_professional,trust_safety,293,0.07167235494880546,0.43686006825938567
legal_professional,compute_infrastructure,293,0.0034129692832764505,0.0
legal_professional,partnerships,293,0.12286689419795221,0.0
legal_professional,leadership_strategy,293,0.14334470989761092,0.010238907849829351
government_defense,data,852,0.12089201877934272,0.06338028169014084
government_defense,cost_roi,852,0.03286384976525822,0.022300469483568074
government_defense,regulation_policy,852,0.18192488262910797,0.17136150234741784
government_defense,talent_skills,852,0.10093896713615023,0.04225352112676056
government_defense,integration,852,0.025821596244131457,0.01995305164319249
government_defense,trust_safety,852,0.10328638497652583,0.3345070422535211
government_defense,compute_infrastructure,852,0.09272300469483569,0.02112676056338028
government_defense,partnerships,852,0.3004694835680751,0.0011737089201877935
government_defense,leadership_strategy,852,0.2699530516431925,0.018779342723004695
