industry,label,supply_side,n_docs_sample,share_any,share_any_lo,share_any_hi,share_primary,share_primary_lo,share_primary_hi,share_any_excl_press
software_it,"Software, cloud & IT services (incl. AI model developers)",True,7453,0.4968335444303713,0.4894475248283802,0.5044240299173126,0.351776548230118,0.34422120859942584,0.3596744139597706,0.49203276247207745
media_entertainment,"News, publishing, film, music, gaming & advertising",False,2469,0.16458902739817347,0.1588990666610742,0.17095845980286006,0.11199253383107793,0.1072447826192548,0.1169025049460961,0.17282204020848846
none,No specific industry,False,2058,0.13719085394307046,0.13179829490368675,0.14275410131002367,0.13719085394307046,0.1321270163766605,0.14289617000333416,0.14817572598659717
semiconductors_hardware,"Semiconductors, chips, devices & data-center hardware",True,1572,0.10479301379908006,0.09993165507021601,0.10985857853413337,0.0595293647090194,0.05581111193500867,0.06326956053141197,0.10781831720029784
government_defense,"Government, public services, defense & security",False,1330,0.08866075594960336,0.08416246697223063,0.09329969745792424,0.05679621358576095,0.05322115834655905,0.06044004241372662,0.08972449739389426
healthcare_life_sciences,"Healthcare providers, pharma, biotech & medical devices",False,1161,0.07739484034397706,0.07301097844989893,0.08173367996173664,0.06639557362842477,0.06268514220097125,0.07023255172677671,0.06820551005212211
finance_insurance,"Banking, investing, payments & insurance",False,934,0.06226251583227785,0.058701820500370996,0.06629438410157604,0.045196986867542165,0.04185697733642703,0.04855867093364194,0.05793000744601638
education,"Schools, universities & education services",False,882,0.058796080261315914,0.05500368163507514,0.06276199311924405,0.046263582427838144,0.043019676689118234,0.04963500350798719,0.058078927773641105
retail_consumer,"Retail, e-commerce & consumer goods",False,703,0.04686354243050463,0.04328800528966329,0.05003025847422889,0.03453103126458236,0.031759274873997795,0.037497665271878346,0.04430379746835443
legal_professional,"Legal, accounting, consulting & HR services",False,514,0.034264382374508365,0.03126329375298953,0.03708490036462186,0.01953203119792014,0.017417475296482052,0.021508987295232648,0.03239017125837677
transportation_automotive,"Automotive, logistics, aviation & transportation",False,459,0.030597960135990934,0.027989390874280342,0.03331837101986588,0.0216652223185121,0.019445519935554382,0.02389441322986924,0.028443782576321668
manufacturing_industrial,"Manufacturing, industrial automation & robotics",False,342,0.02279848010132658,0.02027478560136876,0.025349499230558806,0.012199186720885274,0.010474196004057598,0.014070476764766842,0.01965748324646314
energy_utilities,"Energy, utilities & natural resources",False,311,0.020731951203253118,0.018448728818265692,0.022883945944193664,0.013399106726218251,0.011588463393015879,0.015281578173129924,0.019955323901712584
telecom,Telecommunications & networks,False,307,0.020465302313179123,0.018227652042033027,0.022651028652839723,0.011065928938070796,0.009380266532169269,0.012610424722896285,0.020402084884586745
agriculture_food,Agriculture & food production,False,135,0.008999400039997333,0.0074827331081551126,0.010564591970312521,0.006666222251849876,0.005414927547265819,0.008064063062817477,0.009084139985107967
real_estate_construction,Real estate & construction,False,128,0.008532764482367842,0.007149040910800549,0.01004357259770221,0.005799613359109393,0.004605425515644588,0.00693820140248277,0.006701414743112435
