industry,n_docs_sample,share_positive,share_positive_lo,share_positive_hi,share_negative,share_negative_lo,share_negative_hi,share_mixed,share_mixed_lo,share_mixed_hi,share_neutral,share_neutral_lo,share_neutral_hi,net_direction,net_direction_lo,net_direction_hi,entity_sentiment_index,entity_sentiment_index_lo,entity_sentiment_index_hi,n_docs_entity_sentiment
manufacturing_industrial,183,0.8961748633879781,0.8492462311557789,0.9368503720033067,0.01092896174863388,0.0,0.0294227392449517,0.04918032786885246,0.021736192714453585,0.082884438305709,0.04371584699453552,0.0161226318484383,0.07514761638386476,0.8852459016393442,0.831459041024301,0.9329982817869416,0.651573481481327,0.6379763975487434,0.6651497010992571,1993
healthcare_life_sciences,996,0.822289156626506,0.7985063884034721,0.8464460797392152,0.030120481927710843,0.02038522638966762,0.04096045556006493,0.09337349397590361,0.07487361297706126,0.1130530468166554,0.05421686746987952,0.0404105010099236,0.0683136771291888,0.7921686746987951,0.7633525299766157,0.8225657492354741,0.5469971666257918,0.5358948665428113,0.5588271200844344,5888
telecom,166,0.8132530120481928,0.7529363283775048,0.8717987804878049,0.04819277108433735,0.01910828025477707,0.08235455720749837,0.0963855421686747,0.052622979016167866,0.14024904083310497,0.04216867469879518,0.012654272151898734,0.07802461410095952,0.7650602409638554,0.6806183793985146,0.8376623376623377,0.5717698444834342,0.5560845693397716,0.5872912416633306,3359
retail_consumer,518,0.7432432432432432,0.7077707597357904,0.7794188077529862,0.04247104247104247,0.026473893160045114,0.06036827022742515,0.11003861003861004,0.08300375254036582,0.1370244750256164,0.10424710424710425,0.0796077933318281,0.1330385618390964,0.7007722007722008,0.6540752648569829,0.7484307142075106,0.5706098865302281,0.558289772641044,0.5821781906713638,4957
transportation_automotive,325,0.7292307692307692,0.6850111203780929,0.7792033275056061,0.043076923076923075,0.022435897435897436,0.06687952557560208,0.12923076923076923,0.0920548041701888,0.16467083505580815,0.09846153846153846,0.06804231903789426,0.13312229437229436,0.6861538461538461,0.6288894169104281,0.7438503626003625,0.4852191104238887,0.46775356688085157,0.5022007118835967,3240
semiconductors_hardware,893,0.7502799552071668,0.7240572798260354,0.7775318451254887,0.07054871220604703,0.0526831133742607,0.08705256433102183,0.12094064949608063,0.09912529898870931,0.14378413979292134,0.05823068309070549,0.04284649410222805,0.07403532824670163,0.6797312430011199,0.6395770642882838,0.7180978519010353,0.4598642481828208,0.4528649372410718,0.46692665581501347,16392
energy_utilities,201,0.7064676616915423,0.6470520777118187,0.769912543105239,0.08955223880597014,0.05128205128205128,0.12919527976795497,0.14925373134328357,0.10055792025065768,0.19737926547137072,0.05472636815920398,0.026455026455026454,0.08739324883135562,0.6169154228855721,0.5194674716165074,0.7062188965019834,0.5027403281693363,0.48425934912505236,0.5209478279227364,2570
finance_insurance,678,0.6342182890855457,0.5991429553662079,0.6698113207547169,0.07227138643067847,0.05409571970923091,0.09242774865498689,0.15191740412979352,0.1251753597122302,0.17791023049775367,0.1415929203539823,0.11681553822362671,0.16666666666666666,0.5619469026548672,0.5135113786772554,0.6056975797815377,0.4319978434514763,0.41605395405883966,0.447924285440241,4143
software_it,5277,0.5747583854462763,0.5623105984292156,0.5873676921541711,0.08300170551449687,0.07552506265742995,0.09063385620593757,0.18684858821299982,0.17584498319364414,0.19790535155450265,0.15539132082622703,0.14599500893307565,0.16481099620179487,0.4917566799317794,0.47454117194182316,0.5091612048406089,0.3724199515934306,0.3683888973146286,0.37673711561598233,64763
education,694,0.5749279538904899,0.5372927651218918,0.6108014986904434,0.09077809798270893,0.06970117246433036,0.11297876979863226,0.2824207492795389,0.24895386698939603,0.3185322997044229,0.05187319884726225,0.036022028611054704,0.06818667443667442,0.484149855907781,0.43246830628803246,0.5310337298858478,0.3742516196350022,0.3591346172538141,0.3893433581374237,5259
government_defense,852,0.5492957746478874,0.5158084640100583,0.5815888592805165,0.14553990610328638,0.12223248258358402,0.16840274809614247,0.19248826291079812,0.16605554306464682,0.22053762293715617,0.11267605633802817,0.09013063337393422,0.13387925937164563,0.40375586854460094,0.35491708112741094,0.45241686079203147,0.18247119040281823,0.16785039216896763,0.1984812347755008,7088
legal_professional,293,0.4539249146757679,0.39794505750182807,0.508208066254467,0.11945392491467577,0.08080710955710957,0.15868206977524318,0.29692832764505117,0.24160788476464412,0.3511991101901511,0.1296928327645051,0.09151769354099863,0.1701629832065906,0.33447098976109213,0.253125,0.4177570288674437,0.12261029093364025,0.09516239850674815,0.15113728305539945,2240
media_entertainment,1680,0.3970238095238095,0.3736040292403059,0.42268756601531554,0.18511904761904763,0.1683135965272351,0.20316661153847873,0.33035714285714285,0.30831224204527596,0.3532172459441708,0.0875,0.0740306316332347,0.09988395918347609,0.2119047619047619,0.17386765097986934,0.24879956999522215,0.11757941881732403,0.10801217638685229,0.12623175757445468,18182
