industry,n_docs_sample,share_automation,share_automation_lo,share_automation_hi,share_augmentation,share_augmentation_lo,share_augmentation_hi,share_cost_efficiency,share_cost_efficiency_lo,share_cost_efficiency_hi,share_new_offerings,share_new_offerings_lo,share_new_offerings_hi,share_workflow_redesign,share_workflow_redesign_lo,share_workflow_redesign_hi
software_it,5277,0.17907902217168845,0.1685546469595322,0.1889772064554448,0.23081296191017622,0.21954746134680456,0.242097073435858,0.13303013075611142,0.12401724947915739,0.1425656711240504,0.5167708925525867,0.5034846353135087,0.5303943944060184,0.15444381277240857,0.14423842457470828,0.16425893229115004
semiconductors_hardware,893,0.025755879059350503,0.01580090904232442,0.03595604908630118,0.05263157894736842,0.038903581529424566,0.06718083256458701,0.2564389697648376,0.22697231207189275,0.2854377088812976,0.6002239641657335,0.5695610596341174,0.6312362671856362,0.043673012318029114,0.030515372142561916,0.05769675925925926
telecom,166,0.3373493975903614,0.2662253209218527,0.4107142857142857,0.2469879518072289,0.1856123014087432,0.31518411967779053,0.25301204819277107,0.18445616883116883,0.32470450897417186,0.5903614457831325,0.5153111305872042,0.668427393785669,0.42168674698795183,0.3483616298811545,0.5
finance_insurance,678,0.4528023598820059,0.4177763713080169,0.4893099165841122,0.37905604719764013,0.34365223026727454,0.41716890568408604,0.1887905604719764,0.15874224850841656,0.21968851405370662,0.36578171091445427,0.329909306081162,0.40028912328581356,0.20206489675516223,0.17316611171909566,0.23407807807807807
healthcare_life_sciences,996,0.26706827309236947,0.23819609751780896,0.29248941356713637,0.5903614457831325,0.5620045251460648,0.6210659488910627,0.17971887550200802,0.15529133148646143,0.20490196078431372,0.43373493975903615,0.4048678861788618,0.4637924901433523,0.2540160642570281,0.22711913071348447,0.28115892752569616
education,694,0.21902017291066284,0.18910978388055752,0.25035039315767693,0.49135446685878964,0.4536202338744791,0.5271402552676148,0.025936599423631124,0.014204041747259833,0.036991189558057545,0.24495677233429394,0.21608062393201866,0.2778658250625467,0.26512968299711814,0.2326885722246547,0.29718366032605265
media_entertainment,1680,0.34345238095238095,0.32005976910764594,0.36620791311394135,0.2732142857142857,0.2518378998497209,0.29347939109767757,0.06964285714285715,0.05782439108953801,0.08164373776064437,0.4726190476190476,0.4491230449013371,0.4961881555078776,0.10416666666666667,0.08925077358614787,0.11890325082984557
retail_consumer,518,0.3416988416988417,0.30232104809828186,0.3827413936035604,0.3667953667953668,0.32754956618896147,0.4084889442808948,0.17374517374517376,0.14253813792070308,0.2067186544998338,0.5984555984555985,0.5540452952952953,0.6430007166653067,0.17567567567567569,0.1447237341456107,0.2106509115796009
manufacturing_industrial,183,0.6010928961748634,0.5293582887700535,0.6704614745011086,0.3770491803278688,0.30157602813852813,0.4519774011299435,0.2786885245901639,0.20955522110858496,0.34697317129098826,0.4644808743169399,0.3891816816816817,0.5321748665141114,0.32786885245901637,0.2584179050380573,0.3955017569243489
transportation_automotive,325,0.3630769230769231,0.3126930623991628,0.41439161966156324,0.36,0.305066322770818,0.41018526530753524,0.2276923076923077,0.1802622573419612,0.2741051746417848,0.4430769230769231,0.39157552826956027,0.4938810422706128,0.24923076923076923,0.2032258064516129,0.2962990685296074
energy_utilities,201,0.22388059701492538,0.16666666666666666,0.2823099415204678,0.1791044776119403,0.12679989784191037,0.23152987670813502,0.527363184079602,0.4635416666666667,0.5956340779750275,0.373134328358209,0.3095151828847481,0.43927646281999183,0.208955223880597,0.15623822236180904,0.26810886704827736
legal_professional,293,0.4539249146757679,0.4014050865703777,0.5098750889046941,0.49146757679180886,0.4380036157024793,0.5454628704628705,0.15017064846416384,0.11143741633199464,0.19047619047619047,0.16382252559726962,0.11874577417173766,0.20793110561056105,0.2935153583617747,0.24284632034632034,0.3463866179001721
government_defense,852,0.3145539906103286,0.2846741915744627,0.34385975570761657,0.24413145539906103,0.21724402500482273,0.27176808539115305,0.06455399061032864,0.04868636508866287,0.08151549942594719,0.2676056338028169,0.2380896027049873,0.29798668704378173,0.28169014084507044,0.2516381237609145,0.3113988631327281
all_sector_docs,12943,0.2509464575446187,0.24348602322130514,0.25863828601218186,0.2939040407942517,0.2861583556268719,0.30160738737144555,0.14594761647222437,0.13996069543733675,0.1521828754365519,0.4627211620180793,0.4537556179774272,0.47212927467254817,0.17862937495171136,0.17190416536508277,0.1852230910659222
