group,quarter,n_docs,sentiment_index,sentiment_index_lo,sentiment_index_hi
media_entertainment,2022Q1,157,0.38751451165717876,0.3030144787521693,0.46721024445741227
media_entertainment,2022Q2,185,0.37018720417006595,0.30382397952437445,0.4416975672040894
media_entertainment,2022Q3,278,0.2620594149787086,0.19540702313952724,0.3231269126668455
media_entertainment,2022Q4,417,0.1838810158495923,0.13006234940277392,0.23517439538992593
media_entertainment,2023Q1,1417,0.16020904455474272,0.12924072200697162,0.19236015563696637
media_entertainment,2023Q2,1713,0.13957650544926098,0.10783773378939454,0.1699047343408697
media_entertainment,2023Q3,1636,0.05693717604454079,0.026320766412442673,0.08893076028132485
media_entertainment,2023Q4,1392,0.1335592352620081,0.0989678396292479,0.16901057933820854
media_entertainment,2024Q1,1341,0.03344843553174822,-0.0016704638407364911,0.0716552194879445
media_entertainment,2024Q2,1425,0.034914318613479274,-0.0018409150193731303,0.0674964769473945
media_entertainment,2024Q3,1072,0.07803254001246115,0.03814737499477126,0.11668271860393185
media_entertainment,2024Q4,925,0.15609831977226596,0.11240554661825912,0.19658405089937017
media_entertainment,2025Q1,1060,0.0873438697521364,0.049684989292305665,0.12657394258961868
media_entertainment,2025Q2,1188,0.12155712152463195,0.08639182280785042,0.1596646771666242
media_entertainment,2025Q3,1492,0.11309089951982457,0.07951765359415061,0.14721374345814783
media_entertainment,2025Q4,1839,0.22845936548638363,0.19765056057019334,0.2607630214854582
government_defense,2022Q1,83,0.43520477306411925,0.33045656211114993,0.5366654212319423
government_defense,2022Q2,126,0.33164518414848737,0.23248706054825202,0.4274636235634968
government_defense,2022Q3,100,0.39929406955838204,0.29424062911007387,0.50177251761209
government_defense,2022Q4,110,0.3299319160911678,0.2164326599294108,0.4299822690877043
government_defense,2023Q1,205,0.2654891581160993,0.1842493458116753,0.34572513530308424
government_defense,2023Q2,562,0.035191680610943646,-0.013521091445978387,0.08592787382776076
government_defense,2023Q3,545,0.25655379604330336,0.20763913054125774,0.30455909159565026
government_defense,2023Q4,647,0.1363664026456657,0.09123485935262746,0.1844997037364712
government_defense,2024Q1,668,0.06994911619186023,0.021373739497847277,0.12285337922034181
government_defense,2024Q2,526,0.1234730229307561,0.07022386067628518,0.17939866673774713
government_defense,2024Q3,406,0.17641867991201945,0.1097277945308202,0.24313959914616498
government_defense,2024Q4,366,0.30525101957043704,0.24147959881412984,0.3627730867589941
government_defense,2025Q1,605,0.07819360136593238,0.017886739430964915,0.1339071201557996
government_defense,2025Q2,514,0.1721557623868471,0.11176627618578049,0.23463968043862388
government_defense,2025Q3,666,0.24794840133768525,0.19624221460526442,0.2987618139484867
government_defense,2025Q4,648,0.2649890223820191,0.21681826792169825,0.3117617015704705
healthcare_life_sciences,2022Q1,217,0.6485210663772055,0.6035426577231455,0.6892371171697163
healthcare_life_sciences,2022Q2,193,0.5787497443289356,0.5230679090309943,0.6376475325890278
healthcare_life_sciences,2022Q3,217,0.6196955165070426,0.5693625168315068,0.6655538793376011
healthcare_life_sciences,2022Q4,205,0.6488380466621915,0.6005503089265929,0.6909796454275557
healthcare_life_sciences,2023Q1,279,0.5691303878224694,0.5171068096084774,0.6170063439546736
healthcare_life_sciences,2023Q2,443,0.5148695605043868,0.4678853564621622,0.5568093975651223
healthcare_life_sciences,2023Q3,508,0.579396332020589,0.5432660259919662,0.6141158595707913
healthcare_life_sciences,2023Q4,540,0.5906211799314608,0.5558974633830545,0.6249595106506174
healthcare_life_sciences,2024Q1,445,0.6070683800318446,0.5697695595497014,0.6410370056450733
healthcare_life_sciences,2024Q2,355,0.5595779058923551,0.5113515452175627,0.6067060683083991
healthcare_life_sciences,2024Q3,362,0.5284884318153668,0.4790764319790179,0.5710356551025579
healthcare_life_sciences,2024Q4,380,0.565425131137875,0.5190069881548195,0.6046658070270066
healthcare_life_sciences,2025Q1,352,0.5229685066111746,0.472638967766542,0.5730764974756921
healthcare_life_sciences,2025Q2,356,0.570478622733584,0.5256982127762226,0.6165087499225759
healthcare_life_sciences,2025Q3,414,0.3564974057593873,0.2998809868171189,0.41327917717048
healthcare_life_sciences,2025Q4,407,0.471462216659298,0.42025355698270717,0.5288428477306627
finance_insurance,2022Q1,82,0.5937749786978934,0.5130236120487561,0.6691421633719925
finance_insurance,2022Q2,56,0.45319628858539673,0.33323153091879026,0.5632346890280711
finance_insurance,2022Q3,69,0.5584377645096485,0.4517254182512083,0.6521097847551989
finance_insurance,2022Q4,64,0.48157574304786976,0.3480136677716667,0.5934122940936041
finance_insurance,2023Q1,164,0.41657359645383935,0.3305312014782545,0.49970954995389194
finance_insurance,2023Q2,317,0.3981012261257072,0.34247958374799675,0.45614726574270414
finance_insurance,2023Q3,307,0.44968947524307995,0.3946662699643905,0.5051727089491025
finance_insurance,2023Q4,250,0.4491361739495769,0.39048397005073593,0.5103597695929379
finance_insurance,2024Q1,253,0.4530547319670077,0.3878528536879025,0.5129059793480152
finance_insurance,2024Q2,230,0.4300493149565148,0.36471495111731045,0.49163701719090536
finance_insurance,2024Q3,202,0.40644353869288125,0.33012785741987605,0.476983637653784
finance_insurance,2024Q4,229,0.5284783046115108,0.4608763880192414,0.5900949643737486
finance_insurance,2025Q1,257,0.4299637078948986,0.36071292981057923,0.4888887077791228
finance_insurance,2025Q2,253,0.507911454978226,0.4477200197675234,0.5659817316734835
finance_insurance,2025Q3,581,0.41996081871350843,0.38248033510805635,0.4560572553080135
finance_insurance,2025Q4,652,0.3702882164346477,0.3237837345926964,0.41635505854033883
education,2022Q1,91,0.5552813677465195,0.4785318757140467,0.6252796607549654
education,2022Q2,170,0.4164460971225601,0.3552699257384031,0.4801690365789229
education,2022Q3,97,0.5107568498969692,0.4221101288806622,0.5929682389218122
education,2022Q4,121,0.43270254747803544,0.3437958905491784,0.5105718605072159
education,2023Q1,550,0.05707854705550496,0.010476245157858036,0.10879131253266155
education,2023Q2,463,0.20413467883445185,0.15033162633628272,0.2537398142463298
education,2023Q3,410,0.32790317252709916,0.2783115806507856,0.3797442527907408
education,2023Q4,335,0.42730452373568245,0.36942688534517665,0.4762934558436406
education,2024Q1,326,0.4327859383239268,0.37833533936434294,0.4835898379013528
education,2024Q2,363,0.40805498917078625,0.3518411372665547,0.46379832709696855
education,2024Q3,293,0.5155496343254324,0.46203697209008454,0.5703417652240648
education,2024Q4,245,0.4750055336621495,0.4143683157715086,0.5339235252782857
education,2025Q1,324,0.48715370772176503,0.42742157305560347,0.5421395332961695
education,2025Q2,365,0.39698928403859474,0.3400672878609058,0.4534518587305313
education,2025Q3,483,0.39080501612329827,0.3420054946097046,0.440191645772913
education,2025Q4,434,0.47212653174730285,0.4201616885731525,0.527246152252791
