month,software_it,semiconductors_hardware,telecom,finance_insurance,healthcare_life_sciences,education,media_entertainment,retail_consumer,manufacturing_industrial,transportation_automotive,energy_utilities,legal_professional,government_defense,agriculture_food,real_estate_construction,n_docs
2022-01-01,0.42218543046357615,0.12748344370860928,0.026490066225165563,0.039735099337748346,0.19370860927152317,0.04470198675496689,0.10099337748344371,0.09105960264900662,0.04470198675496689,0.04966887417218543,0.023178807947019868,0.019867549668874173,0.039735099337748346,0.013245033112582781,0.026490066225165563,604
2022-02-01,0.4322916666666667,0.0625,0.043402777777777776,0.06597222222222222,0.13020833333333334,0.07291666666666667,0.14756944444444445,0.057291666666666664,0.020833333333333332,0.0763888888888889,0.04513888888888889,0.010416666666666666,0.057291666666666664,0.022569444444444444,0.017361111111111112,576
2022-03-01,0.4418604651162791,0.08866279069767442,0.029069767441860465,0.059593023255813955,0.15988372093023256,0.07122093023255814,0.06540697674418605,0.0625,0.0377906976744186,0.0436046511627907,0.03488372093023256,0.050872093023255814,0.06395348837209303,0.015988372093023256,0.015988372093023256,688
2022-04-01,0.43672014260249553,0.09269162210338681,0.030303030303030304,0.0427807486631016,0.13368983957219252,0.0659536541889483,0.13725490196078433,0.06951871657754011,0.035650623885918005,0.053475935828877004,0.044563279857397504,0.024955436720142603,0.0873440285204991,0.016042780748663103,0.016042780748663103,561
2022-05-01,0.4688741721854305,0.06754966887417219,0.006622516556291391,0.02913907284768212,0.1205298013245033,0.1986754966887417,0.07417218543046358,0.060927152317880796,0.046357615894039736,0.05562913907284768,0.018543046357615896,0.031788079470198675,0.06357615894039735,0.013245033112582781,0.01456953642384106,755
2022-06-01,0.4982078853046595,0.06093189964157706,0.021505376344086023,0.03464755077658303,0.13022700119474312,0.04898446833930705,0.11947431302270012,0.05734767025089606,0.03345280764635603,0.05137395459976105,0.03345280764635603,0.010752688172043012,0.06093189964157706,0.014336917562724014,0.011947431302270013,837
2022-07-01,0.45622119815668205,0.0445468509984639,0.04915514592933948,0.03533026113671275,0.15514592933947774,0.08141321044546851,0.141321044546851,0.04608294930875576,0.0445468509984639,0.07987711213517665,0.041474654377880185,0.02457757296466974,0.05069124423963134,0.007680491551459293,0.015360983102918587,651
2022-08-01,0.4474053295932679,0.07994389901823282,0.025245441795231416,0.05329593267882188,0.16129032258064516,0.056100981767180924,0.16830294530154277,0.06732117812061711,0.047685834502103785,0.061711079943899017,0.029453015427769985,0.016830294530154277,0.05890603085553997,0.012622720897615708,0.025245441795231416,713
2022-09-01,0.41890166028097064,0.13793103448275862,0.04086845466155811,0.035759897828863345,0.12899106002554278,0.06002554278416347,0.15070242656449553,0.05363984674329502,0.05874840357598978,0.07918263090676884,0.04725415070242656,0.019157088122605363,0.07151979565772669,0.008939974457215836,0.011494252873563218,783
2022-10-01,0.4596888260254597,0.08203677510608204,0.028288543140028287,0.04526166902404526,0.13295615275813297,0.07637906647807638,0.18246110325318246,0.06647807637906648,0.033946251768033946,0.10608203677510608,0.018387553041018388,0.018387553041018388,0.06930693069306931,0.02263083451202263,0.014144271570014143,707
2022-11-01,0.45590433482810166,0.09417040358744394,0.028400597907324365,0.053811659192825115,0.17189835575485798,0.052316890881913304,0.16292974588938713,0.07025411061285501,0.03587443946188341,0.07772795216741404,0.026905829596412557,0.014947683109118086,0.06427503736920777,0.005979073243647235,0.013452914798206279,669
2022-12-01,0.4613003095975232,0.058823529411764705,0.022703818369453045,0.025799793601651185,0.09907120743034056,0.08978328173374613,0.27450980392156865,0.03611971104231166,0.029927760577915376,0.04231166150670795,0.0196078431372549,0.017543859649122806,0.04231166150670795,0.007223942208462332,0.011351909184726523,969
2023-01-01,0.4665825977301387,0.05044136191677175,0.01639344262295082,0.022068095838587643,0.07377049180327869,0.15636822194199243,0.24401008827238335,0.05422446406052964,0.014501891551071878,0.03278688524590164,0.01639344262295082,0.03530895334174023,0.0308953341740227,0.0069356872635561164,0.00819672131147541,1586
2023-02-01,0.5836828059473885,0.0484178421654594,0.017918414029736943,0.029736942432329393,0.0571864277544796,0.1143728555089592,0.26534502478078537,0.0285932138772398,0.010293556995806329,0.026305756767060616,0.011437285550895921,0.026305756767060616,0.0385055280213496,0.004574914220358368,0.0057186427754479605,2623
2023-03-01,0.6187631763879129,0.060084328882642306,0.020379479971890373,0.031271960646521435,0.05832747716092762,0.07308503162333099,0.2037947997189037,0.035839775122979624,0.011243851018973999,0.031271960646521435,0.010189739985945186,0.03232607167955025,0.036542515811665496,0.007027406886858749,0.005270555165144062,2846
2023-04-01,0.5322812051649928,0.04591104734576758,0.01685796269727403,0.032281205164992825,0.06061692969870875,0.07173601147776183,0.20875179340028693,0.040889526542324243,0.008967001434720229,0.03012912482065997,0.010760401721664276,0.03048780487804878,0.04842180774748924,0.003586800573888092,0.007173601147776184,2788
2023-05-01,0.5294855708908407,0.08506900878293601,0.014303638644918444,0.03914680050188206,0.0657465495608532,0.06373902132998745,0.19247176913425346,0.04567126725219573,0.01204516938519448,0.02835633626097867,0.00903387703889586,0.029360100376411544,0.06248431618569636,0.004767879548306148,0.007026348808030113,3985
2023-06-01,0.5042857142857143,0.07485714285714286,0.019428571428571427,0.04114285714285714,0.053714285714285714,0.05,0.20257142857142857,0.044,0.014285714285714285,0.03685714285714286,0.016285714285714285,0.038285714285714284,0.07428571428571429,0.0074285714285714285,0.011714285714285714,3500
2023-07-01,0.5346031746031746,0.07301587301587302,0.022222222222222223,0.03936507936507937,0.06507936507936508,0.06,0.22253968253968254,0.039047619047619046,0.014603174603174604,0.028888888888888888,0.014920634920634921,0.0326984126984127,0.0673015873015873,0.005714285714285714,0.008571428571428572,3150
2023-08-01,0.5315682281059063,0.10386965376782077,0.02531277276694792,0.04102414896712249,0.08379400640093104,0.07186499854524295,0.19406459121326738,0.044224614489380275,0.01338376491125982,0.030258946755891768,0.019202793133546697,0.02909514111143439,0.0622636019784696,0.007855688100087285,0.014256619144602852,3437
2023-09-01,0.5670711708756969,0.11020006559527715,0.026566087241718595,0.0354214496556248,0.07969826172515579,0.060019678583142014,0.19875368973433913,0.0521482453263365,0.014102984585109873,0.032797638570022956,0.022630370613315843,0.03082978025582158,0.07149885208265006,0.0065595277140045915,0.009511315185306658,3049
2023-10-01,0.5074060007595899,0.10140524116976833,0.02164830991264717,0.034181541967337636,0.08355488036460311,0.05962780098746677,0.20394986707178123,0.050512723129510065,0.018230155715913406,0.029624003038359287,0.01974933535890619,0.03266236232434486,0.0934295480440562,0.010254462590201291,0.011773642233194076,2633
2023-11-01,0.597254004576659,0.08797355708110857,0.02288329519450801,0.03178235443681668,0.07246376811594203,0.04424103737604882,0.1581489956775998,0.04780066107297229,0.016526824307144673,0.026951436562420543,0.020849224510551743,0.021866259852529876,0.06941266209000763,0.006356470887363336,0.006356470887363336,3933
2023-12-01,0.5529065969954279,0.12671456564337036,0.018288700195950358,0.03200522534291313,0.07772697583278902,0.05355976485956891,0.1619856303069889,0.06401045068582625,0.018941868060091443,0.03429131286740692,0.024167210973220117,0.028086218158066622,0.07152188112344873,0.0062050947093403004,0.008817766165904637,3062
2024-01-01,0.543673198272999,0.16406509465293923,0.05479907007638658,0.028561939554965127,0.07007638658253072,0.061441381600797075,0.1743606775157755,0.0697442710063102,0.02391232148787778,0.044171371637329794,0.019262703420790436,0.028229823978744604,0.07904350714048489,0.008302889405513119,0.010959814015277316,3011
2024-02-01,0.6167953667953668,0.15862290862290862,0.04954954954954955,0.03957528957528957,0.06402831402831403,0.05501930501930502,0.1920849420849421,0.0489060489060489,0.01673101673101673,0.03314028314028314,0.01833976833976834,0.021235521235521235,0.09491634491634492,0.005791505791505791,0.010617760617760617,3108
2024-03-01,0.6172325432415119,0.21012171684817424,0.030429212043561818,0.03811659192825112,0.06406149903907751,0.04964766175528507,0.14990390775144138,0.04067905188981422,0.019218449711723255,0.02914798206278027,0.020179372197309416,0.020819987187700194,0.0848814862267777,0.007367072389493914,0.007687379884689302,3122
2024-04-01,0.5962343096234309,0.17712691771269176,0.03800557880055788,0.035216178521617854,0.05613668061366806,0.06311018131101813,0.19246861924686193,0.05160390516039052,0.020223152022315203,0.03417015341701534,0.023361227336122732,0.021269177126917713,0.0798465829846583,0.0041841004184100415,0.009414225941422594,2868
2024-05-01,0.6411579249068501,0.1587847520779593,0.026081971911722557,0.030954428202923472,0.057896245342505016,0.05101748351963313,0.20206362854686155,0.05101748351963313,0.014903983949555747,0.030381198051017484,0.018916595012897677,0.01834336486099169,0.06735454284895386,0.004012611063341932,0.007738607050730868,3489
2024-06-01,0.6267889908256881,0.21688073394495413,0.03926605504587156,0.034128440366972476,0.050642201834862385,0.053944954128440366,0.1526605504587156,0.045871559633027525,0.01577981651376147,0.027522935779816515,0.026788990825688072,0.022752293577981652,0.05174311926605504,0.0066055045871559635,0.010275229357798165,2725
2024-07-01,0.5870583226905066,0.16645381013197105,0.035334184759472115,0.036185610898254575,0.06598552575564069,0.04938271604938271,0.18135376756066413,0.05789697743720732,0.017879948914431672,0.031502767134951044,0.0280970625798212,0.021711366538952746,0.070242656449553,0.008514261387824606,0.01362281822051937,2349
2024-08-01,0.5671510347864377,0.15852047556142668,0.035667107001321,0.0361074416556583,0.07793923381770146,0.06120651695288419,0.1950682518714223,0.04931748128577719,0.015852047556142668,0.02686041391457508,0.02289740202553941,0.021136063408190225,0.07749889916336415,0.007045354469396741,0.011448701012769706,2271
2024-09-01,0.5873749037721324,0.16936104695919937,0.04695919938414165,0.04003079291762895,0.06389530408006158,0.06043110084680523,0.15473441108545036,0.06505003849114703,0.020785219399538105,0.033102386451116246,0.03810623556581986,0.02617397998460354,0.06312548113933796,0.010007698229407237,0.013856812933025405,2598
2024-10-01,0.5983094450569644,0.1822859242925395,0.03895626607864756,0.044101433296582136,0.07533994854832782,0.05255420801176038,0.1683204704152885,0.04851157662624035,0.026460859977949284,0.034178610804851156,0.04630650496141125,0.019110621095185593,0.06063947078280044,0.007717750826901874,0.012862918044836457,2721
2024-11-01,0.5961361545538179,0.15179392824287027,0.03633854645814168,0.040478380864765406,0.08187672493100276,0.05749770009199632,0.14443422263109476,0.06991720331186753,0.028518859245630176,0.04231830726770929,0.04461821527138914,0.027138914443422264,0.06531738730450783,0.008739650413983441,0.012879484820607176,2174
2024-12-01,0.595636025998143,0.12349117920148561,0.03714020427112349,0.04131847725162489,0.06220984215413185,0.04410399257195915,0.16620241411327763,0.04921077065923862,0.019498607242339833,0.028783658310120707,0.04131847725162489,0.018570102135561744,0.06545961002785515,0.0032497678737233053,0.016248839368616527,2154
2025-01-01,0.6444444444444445,0.26165884194053207,0.03693270735524257,0.04225352112676056,0.05070422535211268,0.048513302034428794,0.12237871674491393,0.060719874804381846,0.021283255086071987,0.028169014084507043,0.03474178403755868,0.024726134585289515,0.07511737089201878,0.006572769953051643,0.016275430359937403,3195
2025-02-01,0.6419088625762469,0.18729817007534985,0.03372802296376032,0.03336921420882669,0.05669178327951202,0.04843918191603875,0.13096519555077143,0.041263006817366346,0.013993541442411194,0.020093290276282743,0.03085755292429135,0.021887334050950842,0.10584858270541801,0.006099748833871547,0.009329027628274129,2787
2025-03-01,0.6567267683772539,0.170249653259362,0.0412621359223301,0.03710124826629681,0.0544382801664355,0.058599167822468795,0.1730235783633842,0.049930651872399444,0.016643550624133148,0.029819694868238558,0.023578363384188627,0.023578363384188627,0.06067961165048544,0.005547850208044383,0.009708737864077669,2884
2025-04-01,0.5902926481084939,0.13240542469664526,0.03497501784439686,0.034261241970021415,0.0635260528194147,0.061027837259100645,0.17880085653104924,0.06388294075660243,0.019271948608137045,0.028907922912205567,0.02819414703783012,0.01891506067094932,0.07066381156316917,0.0053533190578158455,0.01034975017844397,2802
2025-05-01,0.5850880220918191,0.17846047635484985,0.03313772868484639,0.035554021401449774,0.049016223679668625,0.0617880566102865,0.14773904038660685,0.05074214704867104,0.01725923369002416,0.02347255781843286,0.03348291335864688,0.023817742492233344,0.07145322747670003,0.004832585433206766,0.010355540214014497,2897
2025-06-01,0.6266410502721742,0.14761447326288824,0.03202049311559398,0.04258725584373999,0.05315401857188601,0.06308037143772013,0.15818123599103426,0.059878322126160746,0.022734550112071726,0.03586295228946526,0.0313800832532821,0.030419468459814282,0.06788344540505924,0.005763688760806916,0.013128402177393531,3123
2025-07-01,0.637158161826896,0.1449111925570905,0.03242176487172258,0.04454468564984494,0.04144347335776713,0.06456160135325627,0.1491401184099239,0.045390470820411616,0.017479560191711305,0.033267550042289255,0.03383140682266704,0.022836199605300252,0.08260501832534536,0.00563856780377784,0.00986749365661122,3547
2025-08-01,0.6137140068326012,0.14006832601268912,0.02342606149341142,0.05222059541239629,0.055636896046852125,0.06466569058077111,0.148365056124939,0.03709126403123475,0.016593460224499756,0.02562225475841874,0.02635431918008785,0.019765739385065886,0.05100048804294778,0.006588579795021962,0.011957052220595413,4098
2025-09-01,0.5889106008793357,0.16414264777723497,0.0268685881778212,0.07425500732779677,0.051783097215437224,0.05740107474352711,0.16487542745481193,0.04836345872007816,0.019540791402051783,0.02344894968246214,0.027601367855398143,0.020273571079628724,0.07107962872496336,0.0073277967757694185,0.015632633121641426,4094
2025-10-01,0.6309635173058934,0.16206735266604302,0.03391019644527596,0.061038353601496724,0.050280636108512626,0.055425631431244154,0.19527595884003743,0.05659494855004677,0.020346117867165576,0.030168381665107578,0.03461178671655753,0.025023386342376053,0.05706267539756782,0.004443405051449953,0.0156688493919551,4276
2025-11-01,0.5841387856257745,0.1781908302354399,0.031722428748451055,0.07856257744733582,0.046096654275092935,0.05204460966542751,0.17298636926889716,0.05080545229244114,0.019578686493184633,0.029244114002478314,0.04287484510532838,0.021313506815365552,0.05898389095415118,0.004213135068153655,0.01685254027261462,4035
2025-12-01,0.45112107623318387,0.12825112107623318,0.025112107623318385,0.04887892376681614,0.03968609865470852,0.049551569506726456,0.13878923766816142,0.03991031390134529,0.01591928251121076,0.017937219730941704,0.025112107623318385,0.017713004484304934,0.06704035874439462,0.002466367713004484,0.009417040358744395,4460
2026-01-01,0.6146488111505876,0.1904892047007379,0.02623667668761957,0.0426345996173818,0.06805138015851325,0.0595791199781361,0.15769335884121344,0.0595791199781361,0.027603170265099754,0.03908171631593332,0.041268106039901616,0.02487018311013938,0.07679693905438645,0.006832467887400929,0.013938234490297895,3659
