month,n_docs,sentiment_index,sentiment_index_lo,sentiment_index_hi,sentiment_index_excl_press
2022-01-01,465,0.5117977564386468,0.4754762815210653,0.5467576444558154,0.4994279
2022-02-01,445,0.5102110145953641,0.47075860245911,0.5475878505689972,0.49564934
2022-03-01,536,0.5205071079294952,0.4830028754735323,0.5582047851489095,0.50806165
2022-04-01,450,0.4698249995311037,0.4268921638340063,0.5081341662702968,0.46165666
2022-05-01,597,0.38385829882980194,0.34449748273008585,0.42822016848895644,0.36319494
2022-06-01,670,0.33030401536101933,0.2892564499750141,0.3711009100600099,0.30068406
2022-07-01,518,0.3661325278172349,0.3238240161881426,0.41081422151988506,0.34725767
2022-08-01,564,0.40099098823976154,0.3619123538197447,0.43973595155773676,0.3626832
2022-09-01,619,0.3981211984752766,0.3606220325890636,0.4371279569859909,0.35968667
2022-10-01,559,0.39141621892232187,0.3473900526160093,0.43312926498029614,0.3581074
2022-11-01,514,0.44501257432856256,0.40334060597300186,0.4877775383846855,0.42128658
2022-12-01,769,0.31401828400638093,0.27561675947991354,0.3521744434636586,0.29055512
2023-01-01,1269,0.2630411828243012,0.23305607089347016,0.29265942792705474,0.23871006
2023-02-01,2202,0.25711173721464037,0.2330091082468386,0.27900044159685455,0.23998037
2023-03-01,2429,0.2382023735418683,0.2157968532213565,0.2612719945691693,0.21822156
2023-04-01,2335,0.13814726566474678,0.11475038629336355,0.16427692179806216,0.11634544
2023-05-01,3424,0.1821193975585829,0.16323523419825103,0.20223124094719713,0.1612472
2023-06-01,2938,0.27667317939346875,0.2550781295351313,0.29823147022689445,0.26032358
2023-07-01,2618,0.22548948312506867,0.2014844345358255,0.24627954267385824,0.21072564
2023-08-01,2787,0.3604794078592149,0.3399452625069064,0.3815719572237748,0.34693775
2023-09-01,2537,0.37544132991643714,0.3529685721056157,0.39742709985983643,0.35651335
2023-10-01,2126,0.3195934728167882,0.29593837566812675,0.3449570568462437,0.28951555
2023-11-01,3370,0.28609717651588035,0.26808776130777084,0.30390785679061044,0.2678395
2023-12-01,2542,0.33760926023014914,0.3152881703215288,0.3580131684432945,0.3202272
2024-01-01,2513,0.3091341937033431,0.28725135326699935,0.3320363047733846,0.27247468
2024-02-01,2609,0.3414648790697563,0.32012271479847476,0.36332343114120763,0.30641174
2024-03-01,2723,0.3407294331741343,0.31936456899812726,0.3630005733976,0.31042042
2024-04-01,2472,0.3541061859563766,0.3316596405617123,0.37686190886268967,0.32307902
2024-05-01,3016,0.30900614644582103,0.2882556917061966,0.3294419543305401,0.27402687
2024-06-01,2343,0.3120979220845739,0.28894189881143323,0.3346644311516255,0.27055573
2024-07-01,1955,0.328726895586388,0.3052030858202371,0.3527931804672817,0.2959271
2024-08-01,1866,0.296155353764876,0.2671206419017687,0.32288390381173243,0.23807493
2024-09-01,2206,0.37572504851691835,0.35241793482115674,0.3962806357359163,0.3259752
2024-10-01,2249,0.38845605990536164,0.3655173187173927,0.41153358848130284,0.32767928
2024-11-01,1801,0.41009756534572755,0.385572736912394,0.4339889344058727,0.35386255
2024-12-01,1827,0.36024228114519663,0.3342207555338117,0.3866487715035245,0.3117984
2025-01-01,2779,0.2686951742481126,0.24856150482297926,0.28942625797991345,0.20920233
2025-02-01,2409,0.24839263887717955,0.22467766539007106,0.27163471636297265,0.21609949
2025-03-01,2473,0.390954591361593,0.368627351652556,0.41309594027777413,0.36740085
2025-04-01,2285,0.3283201745282288,0.30332578817844036,0.35053375626436833,0.27917805
2025-05-01,2384,0.31895901910067687,0.2963747619450893,0.3416854907585937,0.2748884
2025-06-01,2618,0.2850679580266034,0.26211402951957574,0.30895944165585004,0.23822115
2025-07-01,3008,0.29022104319951625,0.2686271979768856,0.3120547891619358,0.2536928
2025-08-01,3483,0.267349695829374,0.24683347073282527,0.28724015417655935,0.23629208
2025-09-01,3444,0.3307679294049679,0.31014225872036133,0.34975103012679865,0.30284628
2025-10-01,3598,0.36030919140383,0.34138278189617455,0.3795338881173312,0.32749808
2025-11-01,3313,0.3241109329484793,0.30338689574579625,0.34515758515251277,0.2799316
2025-12-01,3143,0.2624678056675227,0.24170109183981003,0.2834228386947502,0.21306972
2026-01-01,3029,0.2843803640319875,0.26102884810537197,0.3056428875318826,0.23571815
